features,Cluster.Index,M.Z,RT,Annotation,Cosine.Score,No..of.Shared.Peaks,Mass.Diff..to.Library.Reference,ppm.error,Analog.,Nearest.Neighbors,Proximity,CF_class,CF_Dparent,CF_kingdom,CF_MFramework,CF_subclass,CF_superclass,fch_147L_147V,fch_147L_147WG,fch_147L_165L,fch_147L_165V,fch_147L_165WG,fch_147L_291L,fch_147L_291V,fch_147L_291WG,fch_147V_147WG,fch_147V_165L,fch_147V_165V,fch_147V_165WG,fch_147V_291L,fch_147V_291V,fch_147V_291WG,fch_147WG_165L,fch_147WG_165V,fch_147WG_165WG,fch_147WG_291L,fch_147WG_291V,fch_147WG_291WG,fch_165L_165V,fch_165L_165WG,fch_165L_291L,fch_165L_291V,fch_165L_291WG,fch_165V_165WG,fch_165V_291L,fch_165V_291V,fch_165V_291WG,fch_165WG_291L,fch_165WG_291V,fch_165WG_291WG,fch_291L_291V,fch_291L_291WG,fch_291V_291WG
X1013.6512_2.89_8582,8582,1013.6512,2.89,NA,NA,NA,NA,NA,No,NA,None,no matches,no matches,no matches,no matches,no matches,no matches,No,No,No,No,Yes,No,No,No,No,No,No,No,No,No,No,No,No,No,No,No,No,No,No,No,No,No,No,No,No,No,No,No,No,No,No,No
X1015.6683_2.89_8001,8001,1015.6683,2.89,NA,NA,NA,NA,NA,No,NA,None,no matches,no matches,no matches,no matches,no matches,no matches,No,No,No,No,No,No,No,No,No,No,No,No,No,No,No,No,No,No,No,No,No,No,No,No,No,No,No,No,No,No,No,No,No,No,No,No
X1016.0201_2.63_10470,10470,1016.0201,2.63,NA,NA,NA,NA,NA,No,Self-Loop,Self-Loop,no matches,no matches,no matches,no matches,no matches,no matches,No,No,No,No,No,No,No,No,No,No,No,No,No,No,No,No,No,No,No,No,No,No,No,No,No,No,No,No,No,No,No,No,No,No,No,No
X1031.5854_2.62_7115,7115,1031.5854,2.62,taurocholic acid,0.766599,16,0.0045166,4.37829,No,Self-Loop,Self-Loop,Steroids and steroid derivatives,"Trihydroxy bile acids, alcohols and derivatives",Organic compounds,Aliphatic homopolycyclic compounds,"Bile acids, alcohols and derivatives",Lipids and lipid-like molecules,No,No,No,No,No,No,No,No,No,No,No,No,No,No,No,No,No,No,No,No,No,No,No,No,No,No,No,No,No,No,No,No,No,No,No,No
X1044.6046_3.3_10560,10560,1044.6046,3.3,NA,NA,NA,NA,NA,No,Self-Loop,Self-Loop,no matches,no matches,no matches,no matches,no matches,no matches,No,No,No,No,No,No,No,No,No,No,No,No,No,No,No,No,No,No,No,No,No,No,No,No,No,No,No,No,No,No,No,No,No,No,No,No
X1061.6514_2.86_9038,9038,1061.6514,2.86,NA,NA,NA,NA,NA,No,NA,None,no matches,no matches,no matches,no matches,no matches,no matches,No,No,No,No,Yes,No,No,Yes,No,No,No,Yes,No,No,Yes,No,No,Yes,No,No,No,No,Yes,No,No,Yes,Yes,No,No,Yes,Yes,Yes,Yes,No,No,Yes
X121.072_0.28_9144,9144,121.072,0.28,Spectral Match to Fraxetin from NIST14,0.732026,4,87.972,420830,Yes,Self-Loop,Self-Loop,no matches,no matches,no matches,no matches,no matches,no matches,No,No,No,No,No,No,No,No,No,No,No,No,No,No,No,Yes,No,No,No,No,No,No,No,Yes,No,No,No,No,No,No,No,No,No,No,No,No
X123.0553_0.3_4171,4171,123.0553,0.3,Spectral Match to Isonicotinamide from NIST14,0.795082,4,0.00170135,13.8257,No,Self-Loop,Self-Loop,Pyridines and derivatives,Pyridinecarboxamides,Organic compounds,Aromatic heteromonocyclic compounds,Pyridinecarboxylic acids and derivatives,Organoheterocyclic compounds,Yes,Yes,Yes,Yes,Yes,Yes,Yes,Yes,No,Yes,No,Yes,No,No,No,Yes,No,Yes,No,No,No,Yes,No,Yes,Yes,Yes,Yes,No,No,No,Yes,Yes,Yes,No,No,No
X142.9479_0.3_6723,6723,142.9479,0.3,NA,NA,NA,NA,NA,No,NA,None,no matches,no matches,no matches,no matches,no matches,no matches,Yes,Yes,No,Yes,Yes,Yes,Yes,Yes,No,Yes,No,Yes,No,No,Yes,Yes,No,No,No,No,No,Yes,Yes,Yes,Yes,Yes,No,No,No,No,No,No,No,No,No,No
X181.1581_3.28_3113,3113,181.1581,3.28,Spectral Match to Curcumol from NIST14,0.801702,7,38.0159,173451,Yes,Self-Loop,Self-Loop,no matches,no matches,no matches,no matches,no matches,no matches,Yes,Yes,No,No,No,Yes,Yes,Yes,No,No,No,No,Yes,Yes,Yes,No,No,No,Yes,Yes,Yes,No,No,Yes,Yes,Yes,No,Yes,Yes,Yes,Yes,Yes,Yes,No,No,No
X185.9595_0.25_1537,1537,185.9595,0.25,NA,NA,NA,NA,NA,No,Self-Loop,Self-Loop,no matches,no matches,no matches,no matches,no matches,no matches,Yes,No,Yes,Yes,Yes,Yes,Yes,No,Yes,No,No,No,No,No,Yes,Yes,Yes,Yes,Yes,Yes,Yes,No,No,No,No,Yes,No,No,No,Yes,No,No,Yes,No,Yes,Yes
X204.1228_0.26_1443,1443,204.1228,0.26,ACETYL-CARNITINE,0.976579,5,0.000198364,0.971788,No,Butyrylcarnitine - 40.00 eV,First,Fatty Acyls,Acyl carnitines,Organic compounds,Aliphatic acyclic compounds,Fatty acid esters,Lipids and lipid-like molecules,No,No,No,No,No,No,No,No,No,No,No,No,No,No,No,No,No,No,No,No,No,No,No,No,No,No,No,No,No,No,No,No,No,No,No,No
X217.1908_2.2_5690,5690,217.1908,2.2,NA,NA,NA,NA,NA,No,Massbank:LU071403 N-[3-(Dimethylamino)propyl]dodecanamide,Third,Fatty Acyls,N-acyl amines,Organic compounds,Aliphatic acyclic compounds,Fatty amides,Lipids and lipid-like molecules,No,No,No,No,Yes,No,No,No,No,No,No,Yes,No,No,No,No,No,Yes,No,No,No,No,Yes,No,No,No,Yes,No,No,No,Yes,Yes,Yes,No,No,No
X218.1383_0.39_1979,1979,218.1383,0.39,PROPIONYLCARNITINE,0.859212,4,0.000701904,3.21769,No,PROPIONYLCARNITINE,First,Fatty Acyls,Acyl carnitines,Organic compounds,Aliphatic acyclic compounds,Fatty acid esters,Lipids and lipid-like molecules,No,No,No,No,No,No,Yes,No,No,No,No,No,No,No,No,No,No,No,No,Yes,No,No,No,No,No,No,No,No,No,No,No,No,No,No,No,No
X222.8883_0.29_9162,9162,222.8883,0.29,NA,NA,NA,NA,NA,No,Self-Loop,Self-Loop,no matches,no matches,no matches,no matches,no matches,no matches,No,No,No,No,No,No,No,No,No,No,No,No,No,No,No,No,No,No,No,No,No,No,No,No,No,No,No,No,No,No,No,No,No,No,No,No
X245.2216_2.42_5149,5149,245.2216,2.42,NA,NA,NA,NA,NA,No,Massbank:LU071403 N-[3-(Dimethylamino)propyl]dodecanamide,Second,Fatty Acyls,N-acyl amines,Organic compounds,Aliphatic acyclic compounds,Fatty amides,Lipids and lipid-like molecules,No,No,No,No,Yes,No,No,No,No,No,No,Yes,No,No,No,No,No,Yes,No,No,No,No,Yes,No,No,No,Yes,No,No,No,Yes,Yes,Yes,No,No,No
X247.1282_0.5_1402,1402,247.1282,0.5,Spectral Match to Glu-Val from NIST14,0.704169,6,0.00379944,15.3741,No,Spectral Match to Glu Phe from METLIN,First,Carboxylic acids and derivatives,Phenylalanine and derivatives,Organic compounds,Aromatic homomonocyclic compounds,"Amino acids, peptides, and analogues",Organic acids and derivatives,No,No,No,No,No,No,No,No,No,No,No,No,No,No,No,Yes,No,No,No,No,No,No,No,No,No,No,No,No,No,No,No,No,No,No,No,No
X249.1119_2.35_9523,9523,249.1119,2.35,NA,NA,NA,NA,NA,No,Self-Loop,Self-Loop,no matches,no matches,no matches,no matches,no matches,no matches,No,No,No,No,Yes,No,No,No,No,No,No,Yes,No,No,No,No,No,Yes,No,No,No,No,Yes,No,No,No,Yes,No,No,No,Yes,Yes,Yes,No,No,No
X254.2105_3.39_4624,4624,254.2105,3.39,"Spectral Match to 9,10-Dihydroxy-12Z-octadecenoic acid from NIST14",0.865168,6,61.0425,193630,Yes,Self-Loop,Self-Loop,no matches,no matches,no matches,no matches,no matches,no matches,No,No,No,No,No,Yes,Yes,Yes,No,No,No,No,Yes,Yes,Yes,No,No,No,Yes,Yes,Yes,No,No,Yes,Yes,Yes,No,Yes,Yes,Yes,Yes,Yes,Yes,No,No,No
X256.2261_3.39_3941,3941,256.2261,3.39,"Spectral Match to cis,cis-9,12-Octadecadien-1-ol from NIST14",0.778152,6,11.0419,41314,Yes,Spectral Match to 9(10)-EpOME from NIST14,First Analog,no matches,no matches,no matches,no matches,no matches,no matches,Yes,Yes,No,No,No,Yes,Yes,Yes,Yes,Yes,Yes,Yes,Yes,Yes,Yes,Yes,Yes,Yes,Yes,Yes,Yes,No,No,Yes,Yes,Yes,No,Yes,Yes,Yes,Yes,Yes,Yes,No,No,No
X258.1125_2.19_8597,8597,258.1125,2.19,SN-GLYCERO-3-PHOSPHOCHOLINE,0.793211,5,257.108,9.69525,No,Self-Loop,Self-Loop,no matches,no matches,no matches,no matches,no matches,no matches,Yes,Yes,No,No,Yes,Yes,Yes,Yes,Yes,No,Yes,Yes,Yes,Yes,Yes,Yes,Yes,No,No,No,No,No,Yes,Yes,Yes,Yes,Yes,Yes,Yes,Yes,No,No,No,No,No,No
X261.1438_1.59_8213,8213,261.1438,1.59,Spectral Match to Glu Phe from METLIN,0.830464,5,33.9842,115151,Yes,Spectral Match to Ile-Glu from NIST14,First,Carboxylic acids and derivatives,Phenylalanine and derivatives,Organic compounds,Aromatic homomonocyclic compounds,"Amino acids, peptides, and analogues",Organic acids and derivatives,No,No,No,No,No,No,No,No,No,No,No,No,No,No,No,No,No,No,No,No,No,No,No,No,No,No,No,No,No,No,No,No,No,No,No,No
X263.127_2.42_2465,2465,263.127,2.42,NA,NA,NA,NA,NA,No,Self-Loop,Self-Loop,no matches,no matches,no matches,no matches,no matches,no matches,No,Yes,No,No,Yes,No,No,No,Yes,No,No,Yes,No,No,No,Yes,Yes,Yes,Yes,Yes,Yes,No,Yes,No,No,No,Yes,No,No,No,Yes,Yes,Yes,No,No,No
X265.1044_2.33_9783,9783,265.1044,2.33,NA,NA,NA,NA,NA,No,Self-Loop,Self-Loop,no matches,no matches,no matches,no matches,no matches,no matches,No,No,No,No,Yes,No,No,No,No,No,No,Yes,No,No,No,No,No,Yes,No,No,No,No,Yes,No,No,No,Yes,No,No,No,Yes,Yes,Yes,No,No,No
X268.1875_2.68_8782,8782,268.1875,2.68,NA,NA,NA,NA,NA,No,Self-Loop,Self-Loop,no matches,no matches,no matches,no matches,no matches,no matches,No,No,No,No,No,Yes,Yes,Yes,No,No,No,No,Yes,Yes,Yes,No,No,No,Yes,Yes,Yes,No,No,Yes,Yes,Yes,No,Yes,Yes,Yes,Yes,Yes,Yes,No,No,No
X269.1372_2.5_3316,3316,269.1372,2.5,NA,NA,NA,NA,NA,No,Self-Loop,Self-Loop,no matches,no matches,no matches,no matches,no matches,no matches,No,No,No,No,No,No,No,No,No,No,No,No,No,No,No,No,No,No,No,No,No,No,No,No,No,No,No,No,No,No,No,No,No,No,No,No
X272.2573_2.71_552,552,272.2573,2.71,"MassbankEU:SM876801 N,N-Dimethyldodecylamine N-oxide|Lauramine oxide|N,N-dimethyldodecan-1-amine oxide",0.869807,5,42.0093,182452,Yes,"MassbankEU:SM876801 N,N-Dimethyldodecylamine N-oxide|Lauramine oxide|N,N-dimethyldodecan-1-amine oxide",First Analog,no matches,no matches,no matches,no matches,no matches,no matches,No,No,No,No,Yes,No,Yes,Yes,No,No,No,Yes,No,Yes,Yes,No,No,Yes,No,No,Yes,No,Yes,Yes,Yes,Yes,Yes,No,Yes,Yes,Yes,Yes,Yes,No,No,No
X274.1757_2.17_6453,6453,274.1757,2.17,NA,NA,NA,NA,NA,No,Self-Loop,Self-Loop,no matches,no matches,no matches,no matches,no matches,no matches,No,No,No,No,Yes,No,No,No,No,No,No,Yes,No,No,No,No,No,Yes,No,No,No,No,Yes,No,No,No,Yes,No,No,No,Yes,Yes,Yes,No,No,No
X276.1584_2.95_9190,9190,276.1584,2.95,NA,NA,NA,NA,NA,No,Self-Loop,Self-Loop,no matches,no matches,no matches,no matches,no matches,no matches,No,No,No,Yes,Yes,Yes,No,No,No,No,No,Yes,Yes,No,No,No,No,No,No,No,No,Yes,Yes,Yes,Yes,Yes,No,No,No,No,No,No,No,No,No,No
X283.1148_2.23_9537,9537,283.1148,2.23,NA,NA,NA,NA,NA,No,Self-Loop,Self-Loop,no matches,no matches,no matches,no matches,no matches,no matches,No,No,No,No,Yes,No,No,No,No,No,No,Yes,No,No,No,No,No,Yes,No,No,No,No,Yes,No,No,No,Yes,No,No,No,Yes,Yes,Yes,No,No,No
X285.2887_2.68_1920,1920,285.2887,2.68,Massbank:LU071403 N-[3-(Dimethylamino)propyl]dodecanamide,0.764323,5,0.00131226,4.59973,No,Massbank:LU071403 N-[3-(Dimethylamino)propyl]dodecanamide,First Analog,Fatty Acyls,N-acyl amines,Organic compounds,Aliphatic acyclic compounds,Fatty amides,Lipids and lipid-like molecules,No,No,No,No,No,No,No,No,No,No,No,No,No,No,No,No,No,No,No,No,No,No,No,No,No,No,No,No,No,No,No,No,No,No,No,No
X287.8994_0.26_9220,9220,287.8994,0.26,NA,NA,NA,NA,NA,No,Self-Loop,Self-Loop,no matches,no matches,no matches,no matches,no matches,no matches,No,No,No,No,No,No,No,No,No,No,No,No,No,No,No,No,No,No,No,No,No,No,No,No,No,No,No,No,No,No,No,No,No,No,No,No
X294.2406_2.73_9626,9626,294.2406,2.73,NA,NA,NA,NA,NA,No,Self-Loop,Self-Loop,no matches,no matches,no matches,no matches,no matches,no matches,No,No,No,No,Yes,No,No,No,No,No,No,Yes,No,No,No,No,No,Yes,No,No,No,No,Yes,No,No,No,Yes,No,No,No,Yes,Yes,Yes,No,No,No
X309.6628_3_9216,9216,309.6628,3,NA,NA,NA,NA,NA,No,Self-Loop,Self-Loop,no matches,no matches,no matches,no matches,no matches,no matches,No,Yes,Yes,No,Yes,No,Yes,Yes,Yes,Yes,No,Yes,No,Yes,Yes,No,Yes,Yes,Yes,No,No,Yes,Yes,Yes,No,No,Yes,No,Yes,Yes,Yes,Yes,Yes,Yes,Yes,No
X311.1611_3_8024,8024,311.1611,3,NA,NA,NA,NA,NA,No,NA,None,no matches,no matches,no matches,no matches,no matches,no matches,No,No,No,No,Yes,No,No,No,Yes,No,No,Yes,No,No,Yes,No,No,No,No,No,No,No,Yes,No,No,No,Yes,No,No,No,Yes,Yes,No,No,No,Yes
X317.246_3.15_4787,4787,317.246,3.15,"Spectral Match to 11S-Hydroxy-5Z,8Z,12E,14Z-eicosatetraenoic acid from NIST14",0.917587,13,14.015,46218.9,Yes,Self-Loop,Self-Loop,no matches,no matches,no matches,no matches,no matches,no matches,No,No,No,No,No,No,No,Yes,No,No,No,No,No,No,Yes,No,No,No,No,No,Yes,No,No,No,No,Yes,No,No,No,Yes,No,No,Yes,No,Yes,Yes
X320.1664_3_8043,8043,320.1664,3,NA,NA,NA,NA,NA,No,Self-Loop,Self-Loop,no matches,no matches,no matches,no matches,no matches,no matches,No,No,No,No,No,No,No,No,No,No,No,Yes,No,No,Yes,No,No,Yes,No,No,No,No,Yes,No,No,Yes,Yes,No,No,No,Yes,Yes,No,No,No,Yes
X322.1756_2.23_2104,2104,322.1756,2.23,Spectral Match to Phe-Gly-Phe from NIST14,0.70953,10,273.168,129669,Yes,Self-Loop,Self-Loop,no matches,no matches,no matches,no matches,no matches,no matches,No,No,No,No,Yes,No,No,No,No,No,No,Yes,No,No,No,No,No,Yes,No,No,No,No,Yes,No,No,No,Yes,No,No,No,Yes,Yes,Yes,No,No,No
X326.304_3.13_1936,1936,326.304,3.13,Spectral Match to N-Oleoylethanolamine from NIST14,0.910775,9,0.00100708,3.08632,No,Spectral Match to Palmitoyl ethanolamide from NIST14,Second,Organonitrogen compounds,N-acylethanolamines,Organic compounds,Aliphatic acyclic compounds,Amines,Organic nitrogen compounds,No,No,No,No,No,No,No,No,No,No,No,Yes,No,No,Yes,No,No,No,No,No,No,No,No,No,No,No,No,No,No,No,No,No,No,No,No,No
X331.6742_2.99_8022,8022,331.6742,2.99,NA,NA,NA,NA,NA,No,NA,None,no matches,no matches,no matches,no matches,no matches,no matches,No,No,No,No,Yes,Yes,No,No,No,No,No,Yes,No,No,No,No,No,No,Yes,No,No,No,Yes,No,No,No,Yes,Yes,No,No,Yes,Yes,No,No,Yes,No
X333.2043_2.63_3091,3091,333.2043,2.63,NA,NA,NA,NA,NA,No,Self-Loop,Self-Loop,no matches,no matches,no matches,no matches,no matches,no matches,No,No,No,No,Yes,No,No,No,No,No,No,Yes,No,No,No,No,No,Yes,No,No,No,No,Yes,No,No,No,Yes,No,No,No,Yes,Yes,Yes,No,No,No
X347.22_3.01_9763,9763,347.22,3.01,NA,NA,NA,NA,NA,No,Self-Loop,Self-Loop,no matches,no matches,no matches,no matches,no matches,no matches,No,No,No,No,No,No,No,No,No,No,No,No,No,No,No,No,No,No,No,No,No,No,No,No,No,No,No,No,No,No,No,No,No,No,No,No
X348.1756_0.4_5032,5032,348.1756,0.4,Spectral Match to Ile-Glu from NIST14,0.708647,6,87.0276,333250,Yes,Self-Loop,Self-Loop,no matches,no matches,no matches,no matches,no matches,no matches,No,Yes,No,No,No,Yes,No,No,Yes,No,No,No,Yes,No,No,Yes,Yes,Yes,No,Yes,Yes,No,No,Yes,No,No,No,Yes,No,No,Yes,No,No,Yes,Yes,No
X349.1995_2.57_6027,6027,349.1995,2.57,NA,NA,NA,NA,NA,No,Self-Loop,Self-Loop,no matches,no matches,no matches,no matches,no matches,no matches,No,No,No,No,No,No,No,No,No,No,No,No,No,No,No,No,No,No,No,No,No,No,No,No,No,No,No,No,No,No,No,No,No,No,No,No
X349.2353_3.05_7397,7397,349.2353,3.05,NA,NA,NA,NA,NA,No,Self-Loop,Self-Loop,no matches,no matches,no matches,no matches,no matches,no matches,No,No,No,No,Yes,No,No,No,No,No,No,Yes,No,No,No,No,No,Yes,No,No,No,No,Yes,No,No,No,Yes,No,No,No,Yes,Yes,Yes,No,No,No
X355.2619_3.59_10316,10316,355.2619,3.59,Spectral Match to Cholic acid from NIST14,0.785744,12,0.00109863,3.09245,No,CHOLIC ACID,First Analog,Steroids and steroid derivatives,Cholesterols and derivatives,Organic compounds,Aliphatic homopolycyclic compounds,Cholestane steroids,Lipids and lipid-like molecules,No,No,No,No,No,No,No,No,No,No,No,No,No,No,No,No,No,No,No,No,No,No,No,No,No,No,No,No,No,No,No,No,No,No,No,No
X365.2672_3.09_7645,7645,365.2672,3.09,NA,NA,NA,NA,NA,No,Self-Loop,Self-Loop,no matches,no matches,no matches,no matches,no matches,no matches,No,No,No,No,Yes,No,No,No,No,No,No,Yes,No,No,No,No,No,Yes,No,No,No,No,Yes,No,No,No,Yes,No,No,No,Yes,Yes,Yes,No,No,No
X369.1813_2.93_9633,9633,369.1813,2.93,NA,NA,NA,NA,NA,No,NA,None,no matches,no matches,no matches,no matches,no matches,no matches,No,No,Yes,Yes,Yes,Yes,Yes,Yes,No,Yes,Yes,Yes,Yes,Yes,Yes,No,Yes,Yes,Yes,Yes,Yes,Yes,Yes,Yes,Yes,Yes,No,No,No,No,No,No,No,No,No,No
X373.2724_3.59_10313,10313,373.2724,3.59,Spectral Match to Cholic acid from NIST14,0.83532,14,18.0094,50693.1,Yes,Spectral Match to Cholic acid from NIST14,First,Steroids and steroid derivatives,Cholesterols and derivatives,Organic compounds,Aliphatic homopolycyclic compounds,Cholestane steroids,Lipids and lipid-like molecules,No,No,No,No,No,No,Yes,No,No,No,No,No,No,No,No,No,No,No,No,No,No,No,No,No,No,No,No,No,No,No,No,No,No,No,No,No
X375.2878_2.83_1371,1371,375.2878,2.83,Spectral Match to 3.beta.-Hydroxy-5-cholenoic acid from NIST14,0.780989,15,18.0098,50408.4,Yes,"(3Z, 7E, 11Z)-15-hydroxycembra-3,7,11-trien-19-oic acid",First Analog,no matches,no matches,no matches,no matches,no matches,no matches,No,No,No,No,No,No,No,No,No,No,No,No,No,No,No,No,No,No,No,No,No,No,No,No,No,No,No,No,No,No,No,No,No,No,No,No
X379.2484_2.34_9800,9800,379.2484,2.34,Spectral Match to Nonaethylene glycol from NIST14,0.788818,9,342.237,86705.2,Yes,Spectral Match to Decaethylene glycol from NIST14,First Analog,no matches,no matches,no matches,no matches,no matches,no matches,No,No,No,No,No,No,No,No,No,No,No,No,No,No,No,No,No,No,No,No,No,No,No,No,No,No,No,No,No,No,No,No,No,No,No,No
X393.2991_3.16_2860,2860,393.2991,3.16,NA,NA,NA,NA,NA,No,Self-Loop,Self-Loop,no matches,no matches,no matches,no matches,no matches,no matches,Yes,No,No,Yes,Yes,No,No,No,Yes,Yes,No,Yes,Yes,No,Yes,No,Yes,No,No,Yes,No,Yes,No,No,Yes,No,Yes,Yes,No,Yes,Yes,Yes,No,Yes,No,Yes
X395.2046_2.63_6321,6321,395.2046,2.63,NA,NA,NA,NA,NA,No,Self-Loop,Self-Loop,no matches,no matches,no matches,no matches,no matches,no matches,No,No,No,No,Yes,No,No,No,No,No,No,Yes,No,No,No,No,No,Yes,No,No,No,No,Yes,No,No,No,Yes,No,No,No,Yes,Yes,Yes,No,No,No
X395.205_2.58_4511,4511,395.205,2.58,NA,NA,NA,NA,NA,No,NA,None,no matches,no matches,no matches,no matches,no matches,no matches,No,No,No,No,Yes,No,No,No,No,No,No,Yes,No,No,No,No,No,Yes,No,No,No,No,Yes,No,No,No,Yes,No,No,No,Yes,Yes,Yes,No,No,No
X395.2756_3.01_9810,9810,395.2756,3.01,NA,NA,NA,NA,NA,No,Self-Loop,Self-Loop,no matches,no matches,no matches,no matches,no matches,no matches,No,No,No,No,Yes,No,No,Yes,No,Yes,No,Yes,No,No,Yes,Yes,Yes,Yes,No,No,Yes,No,Yes,Yes,Yes,Yes,Yes,Yes,No,Yes,Yes,Yes,Yes,No,Yes,Yes
X395.3142_3.19_4506,4506,395.3142,3.19,NA,NA,NA,NA,NA,No,Self-Loop,Self-Loop,no matches,no matches,no matches,no matches,no matches,no matches,Yes,No,No,Yes,Yes,No,Yes,No,Yes,Yes,No,Yes,Yes,No,Yes,No,Yes,No,No,Yes,No,Yes,No,No,Yes,No,Yes,Yes,No,Yes,No,Yes,No,Yes,No,Yes
X407.7545_5.81_9813,9813,407.7545,5.81,NA,NA,NA,NA,NA,No,NA,None,no matches,no matches,no matches,no matches,no matches,no matches,No,No,No,No,No,No,No,No,No,No,No,No,No,No,No,No,No,No,No,No,No,No,No,No,No,No,No,No,No,No,No,No,No,No,No,No
X413.2155_2.53_3217,3217,413.2155,2.53,NA,NA,NA,NA,NA,No,Self-Loop,Self-Loop,no matches,no matches,no matches,no matches,no matches,no matches,No,No,No,No,No,No,No,No,No,No,No,No,No,No,No,No,No,No,No,No,No,No,No,No,No,No,No,No,No,No,No,No,No,No,No,No
X419.3503_3.41_3241,3241,419.3503,3.41,NA,NA,NA,NA,NA,No,Self-Loop,Self-Loop,no matches,no matches,no matches,no matches,no matches,no matches,No,No,Yes,Yes,No,No,No,No,No,Yes,Yes,No,No,No,No,Yes,Yes,No,No,No,No,No,Yes,Yes,Yes,Yes,Yes,Yes,Yes,Yes,No,No,No,No,No,No
X421.3298_3.28_3222,3222,421.3298,3.28,gamma-sitosterol,0.723351,8,16.0452,36685.2,Yes,Self-Loop,Self-Loop,no matches,no matches,no matches,no matches,no matches,no matches,No,No,No,No,Yes,No,No,Yes,No,No,No,Yes,No,No,Yes,No,No,Yes,No,No,Yes,No,Yes,No,No,Yes,Yes,No,No,Yes,Yes,Yes,No,No,Yes,Yes
X425.3613_3.32_7601,7601,425.3613,3.32,NA,NA,NA,NA,NA,No,NA,None,no matches,no matches,no matches,no matches,no matches,no matches,No,No,No,No,No,No,No,No,No,No,No,No,No,No,No,No,No,No,No,No,No,No,No,No,No,No,No,No,No,No,No,No,No,No,No,No
X427.2309_2.56_4479,4479,427.2309,2.56,NA,NA,NA,NA,NA,No,NA,None,no matches,no matches,no matches,no matches,no matches,no matches,No,No,No,No,Yes,No,No,No,No,No,No,Yes,No,No,No,No,No,Yes,No,No,No,No,Yes,No,No,No,Yes,No,No,No,Yes,Yes,Yes,No,No,No
X435.3452_3.29_3866,3866,435.3452,3.29,NA,NA,NA,NA,NA,No,Self-Loop,Self-Loop,no matches,no matches,no matches,no matches,no matches,no matches,No,No,No,No,No,No,No,No,No,No,No,No,No,No,No,No,No,No,No,No,No,No,No,No,No,No,No,No,No,No,No,No,No,No,No,No
X435.3455_3.21_7131,7131,435.3455,3.21,NA,NA,NA,NA,NA,No,NA,None,no matches,no matches,no matches,no matches,no matches,no matches,No,No,No,No,No,No,No,No,No,No,No,No,No,No,No,No,No,No,No,No,No,No,No,No,No,No,No,No,No,No,No,No,No,No,No,No
X437.3243_3.04_2744,2744,437.3243,3.04,gamma-sitosterol,0.717499,7,21.9313,52796.5,Yes,Self-Loop,Self-Loop,no matches,no matches,no matches,no matches,no matches,no matches,No,No,No,No,No,No,No,No,No,No,No,No,No,No,No,No,No,No,No,No,No,No,No,No,No,No,No,No,No,No,No,No,No,No,No,No
X438.1882_2.08_10466,10466,438.1882,2.08,Spectral Match to Lyso-PC(16:0) from NIST14,0.921764,5,58.1408,117142,Yes,Self-Loop,Self-Loop,no matches,no matches,no matches,no matches,no matches,no matches,No,No,No,No,No,No,No,No,No,No,No,No,No,No,No,No,No,No,No,No,No,No,No,No,No,No,No,No,No,No,No,No,No,No,No,No
X445.2936_2.97_4175,4175,445.2936,2.97,"Massbank:NA002698 Diosgenin|(1S,2S,4S,5`R,6R,7S,8R,9S,12S,13R,16S)-5`,7,9,13-tetramethylspiro[5-oxapentacyclo[10.8.0.02,9.04,8.013,18]icos-18-ene-6,2`-oxane]-16-ol",0.867634,10,29.9726,72167.3,Yes,"NCGC00386027-01_C27H42O3_Spirost-5-en-3-ol, (3beta,25R)-",First Analog,no matches,no matches,no matches,no matches,no matches,no matches,No,Yes,No,No,Yes,No,No,Yes,Yes,No,No,Yes,No,No,Yes,Yes,Yes,No,Yes,Yes,No,No,Yes,No,No,Yes,Yes,No,No,Yes,Yes,Yes,Yes,No,Yes,Yes
X445.3293_3.09_2249,2249,445.3293,3.09,NA,NA,NA,NA,NA,No,Self-Loop,Self-Loop,no matches,no matches,no matches,no matches,no matches,no matches,No,No,No,No,Yes,No,No,No,No,No,No,Yes,No,No,No,No,No,Yes,No,No,No,No,Yes,No,No,No,Yes,No,No,No,Yes,Yes,Yes,No,No,No
X445.3296_3.2_3195,3195,445.3296,3.2,NA,NA,NA,NA,NA,No,Self-Loop,Self-Loop,no matches,no matches,no matches,no matches,no matches,no matches,Yes,Yes,No,Yes,Yes,No,Yes,Yes,No,Yes,No,No,Yes,No,No,Yes,No,No,Yes,No,No,Yes,Yes,No,Yes,Yes,No,Yes,No,No,Yes,No,No,Yes,Yes,No
X447.3086_3_2365,2365,447.3086,3,Massbank:NA001116 Tomatidine,0.708268,11,30.9566,74352,Yes,"Massbank:NA002698 Diosgenin|(1S,2S,4S,5`R,6R,7S,8R,9S,12S,13R,16S)-5`,7,9,13-tetramethylspiro[5-oxapentacyclo[10.8.0.02,9.04,8.013,18]icos-18-ene-6,2`-oxane]-16-ol",First Analog,no matches,no matches,no matches,no matches,no matches,no matches,No,Yes,No,No,Yes,No,No,Yes,Yes,No,No,Yes,No,No,Yes,Yes,Yes,Yes,Yes,Yes,No,No,Yes,No,No,Yes,Yes,No,No,Yes,Yes,Yes,Yes,No,Yes,Yes
X447.3091_3.03_8447,8447,447.3091,3.03,NA,NA,NA,NA,NA,No,"Massbank:NA002698 Diosgenin|(1S,2S,4S,5`R,6R,7S,8R,9S,12S,13R,16S)-5`,7,9,13-tetramethylspiro[5-oxapentacyclo[10.8.0.02,9.04,8.013,18]icos-18-ene-6,2`-oxane]-16-ol",First Analog,no matches,no matches,no matches,no matches,no matches,no matches,No,Yes,No,No,Yes,No,No,Yes,Yes,No,No,Yes,No,No,Yes,Yes,Yes,No,Yes,Yes,No,No,Yes,No,No,Yes,Yes,No,No,Yes,Yes,Yes,Yes,No,Yes,Yes
X447.345_3.13_4940,4940,447.345,3.13,NA,NA,NA,NA,NA,No,Self-Loop,Self-Loop,no matches,no matches,no matches,no matches,no matches,no matches,No,No,No,No,No,No,No,No,No,No,No,No,No,No,No,No,No,No,No,No,No,No,No,No,No,No,No,No,No,No,No,No,No,No,No,No
X447.3453_3.29_3028,3028,447.3453,3.29,Methyl Deoxycholate,0.709407,9,40.0293,98275.8,Yes,Self-Loop,Self-Loop,no matches,no matches,no matches,no matches,no matches,no matches,Yes,No,No,Yes,No,No,No,No,Yes,Yes,Yes,Yes,No,No,Yes,No,Yes,No,No,No,No,Yes,No,Yes,Yes,No,Yes,Yes,Yes,Yes,Yes,Yes,No,No,No,No
X449.2135_2.6_8631,8631,449.2135,2.6,NA,NA,NA,NA,NA,No,Self-Loop,Self-Loop,no matches,no matches,no matches,no matches,no matches,no matches,No,No,No,No,Yes,No,No,No,No,No,No,Yes,No,No,No,No,No,Yes,No,No,No,No,Yes,No,No,No,Yes,No,No,No,Yes,Yes,Yes,No,No,No
X449.3243_2.78_3090,3090,449.3243,2.78,NA,NA,NA,NA,NA,No,Massbank:NA001116 Tomatidine,Second Analog,no matches,no matches,no matches,no matches,no matches,no matches,No,Yes,No,No,Yes,No,No,Yes,Yes,No,No,Yes,No,No,Yes,Yes,Yes,No,Yes,Yes,No,No,Yes,No,No,Yes,Yes,No,No,Yes,Yes,Yes,No,No,Yes,Yes
X449.3244_2.68_7341,7341,449.3244,2.68,NA,NA,NA,NA,NA,No,Massbank:NA001116 Tomatidine,Third Analog,no matches,no matches,no matches,no matches,no matches,no matches,No,No,No,No,No,No,No,No,No,No,No,No,No,No,No,No,No,No,No,No,No,No,No,No,No,No,No,No,No,No,No,No,No,No,No,No
X449.3245_2.85_3249,3249,449.3245,2.85,NA,NA,NA,NA,NA,No,"NCGC00386027-01_C27H42O3_Spirost-5-en-3-ol, (3beta,25R)-",Second Analog,no matches,no matches,no matches,no matches,no matches,no matches,No,Yes,No,No,Yes,No,No,Yes,Yes,No,No,Yes,No,No,Yes,Yes,Yes,No,Yes,Yes,No,No,Yes,No,No,Yes,Yes,No,No,Yes,Yes,Yes,No,No,Yes,Yes
X451.3773_3.42_7996,7996,451.3773,3.42,NA,NA,NA,NA,NA,No,NA,None,no matches,no matches,no matches,no matches,no matches,no matches,No,No,No,No,No,Yes,No,No,No,No,No,Yes,No,No,No,No,No,No,Yes,No,No,No,No,Yes,No,No,Yes,No,No,No,Yes,Yes,No,No,Yes,No
X452.2037_2.2_9352,9352,452.2037,2.2,Spectral Match to Lyso-PC(16:0) from NIST14,0.912783,6,44.1253,88903.3,Yes,Self-Loop,Self-Loop,no matches,no matches,no matches,no matches,no matches,no matches,No,No,No,No,No,No,No,No,No,No,No,No,No,No,No,No,No,No,No,No,No,No,No,No,No,No,No,No,No,No,No,No,No,No,No,No
X455.3329_3.21_9071,9071,455.3329,3.21,NA,NA,NA,NA,NA,No,Self-Loop,Self-Loop,no matches,no matches,no matches,no matches,no matches,no matches,No,Yes,No,No,No,No,Yes,Yes,Yes,No,No,No,No,Yes,Yes,Yes,Yes,No,No,No,No,No,No,No,Yes,Yes,No,No,Yes,Yes,No,No,No,No,Yes,No
X463.3034_2.63_3031,3031,463.3034,2.63,NA,NA,NA,NA,NA,No,Self-Loop,Self-Loop,no matches,no matches,no matches,no matches,no matches,no matches,No,Yes,No,No,Yes,No,No,Yes,Yes,No,No,Yes,No,No,Yes,Yes,Yes,No,Yes,Yes,No,No,Yes,No,No,Yes,Yes,No,No,Yes,Yes,Yes,No,No,Yes,Yes
X463.3034_2.76_4008,4008,463.3034,2.76,NA,NA,NA,NA,NA,No,Massbank:NA001116 Tomatidine,Second Analog,no matches,no matches,no matches,no matches,no matches,no matches,No,Yes,No,No,Yes,No,No,No,Yes,No,No,Yes,No,No,No,Yes,Yes,Yes,Yes,Yes,Yes,No,Yes,No,No,No,Yes,No,No,No,Yes,Yes,Yes,No,No,No
X471.3449_2.75_4619,4619,471.3449,2.75,NA,NA,NA,NA,NA,No,Glochidone,First Analog,Prenol lipids,Triterpenoids,Organic compounds,Aliphatic homopolycyclic compounds,Triterpenoids,Lipids and lipid-like molecules,No,No,No,No,No,No,No,No,No,No,No,No,No,No,No,No,No,No,No,No,No,No,No,No,No,No,No,No,No,No,No,No,No,No,No,No
X474.248_2.74_4111,4111,474.248,2.74,NA,NA,NA,NA,NA,No,Self-Loop,Self-Loop,no matches,no matches,no matches,no matches,no matches,no matches,No,No,No,No,No,No,No,No,No,No,No,No,No,No,No,No,No,No,No,No,No,No,No,No,No,No,No,No,No,No,No,No,No,No,No,No
X477.2091_2.38_6951,6951,477.2091,2.38,NA,NA,NA,NA,NA,No,Self-Loop,Self-Loop,no matches,no matches,no matches,no matches,no matches,no matches,No,No,No,No,Yes,No,No,No,No,No,No,Yes,No,No,No,No,No,Yes,No,No,No,No,Yes,No,No,No,Yes,No,No,No,Yes,Yes,Yes,No,No,No
X477.3925_3.41_3134,3134,477.3925,3.41,osmanthuside H,0.703219,5,6.26648,13301.1,Yes,Self-Loop,Self-Loop,no matches,no matches,no matches,no matches,no matches,no matches,No,No,No,Yes,No,No,No,No,Yes,No,No,Yes,No,No,Yes,No,Yes,No,No,Yes,No,Yes,No,No,No,No,Yes,No,No,Yes,No,Yes,No,No,No,Yes
X478.2913_2.85_6377,6377,478.2913,2.85,NA,NA,NA,NA,NA,No,NA,None,no matches,no matches,no matches,no matches,no matches,no matches,No,Yes,No,No,Yes,No,No,Yes,Yes,No,No,Yes,No,No,Yes,Yes,Yes,Yes,No,Yes,No,No,Yes,No,No,Yes,Yes,No,No,Yes,Yes,Yes,No,No,Yes,Yes
X491.3713_3.19_2514,2514,491.3713,3.19,NA,NA,NA,NA,NA,No,Self-Loop,Self-Loop,no matches,no matches,no matches,no matches,no matches,no matches,No,No,No,No,No,No,No,No,No,No,No,No,No,No,No,No,No,No,No,No,No,No,No,No,No,No,No,No,No,No,No,No,No,No,No,No
X500.2758_2.81_7384,7384,500.2758,2.81,NA,NA,NA,NA,NA,No,PE(22:6/0:0); [M+H]+ C27H45N1O7P1,First Analog,Glycerophospholipids,"1-(1Z-alkenyl),2-acylglycerophosphoethanolamines",Organic compounds,Aliphatic acyclic compounds,Glycerophosphoethanolamines,Lipids and lipid-like molecules,No,Yes,No,No,Yes,Yes,No,Yes,Yes,No,No,Yes,No,No,Yes,Yes,Yes,No,Yes,Yes,No,No,Yes,No,Yes,Yes,Yes,No,No,Yes,Yes,Yes,No,Yes,Yes,Yes
X510.3905_3.03_3063,3063,510.3905,3.03,Spectral Match to Lyso-PAF C-18 from NIST14,0.940917,7,0.000488281,0.956681,No,Spectral Match to 1-Hexadecyl-sn-glycero-3-phosphocholine from NIST14,First,Glycerophospholipids,1-(1Z-alkenyl)-glycero-3-phosphocholines,Organic compounds,Aliphatic acyclic compounds,Glycerophosphocholines,Lipids and lipid-like molecules,No,No,No,No,Yes,No,No,Yes,Yes,No,No,Yes,No,No,Yes,No,No,Yes,No,No,No,No,Yes,No,No,Yes,Yes,No,No,Yes,Yes,Yes,Yes,No,Yes,No
X511.3592_3.32_10116,10116,511.3592,3.32,NA,NA,NA,NA,NA,No,Self-Loop,Self-Loop,no matches,no matches,no matches,no matches,no matches,no matches,Yes,Yes,No,Yes,Yes,Yes,Yes,Yes,No,Yes,No,No,No,No,No,Yes,No,No,No,No,No,Yes,Yes,Yes,Yes,Yes,No,No,No,No,No,No,No,No,No,No
X512.3336_2.81_5890,5890,512.3336,2.81,Spectral Match to Lyso-PC(16:0) from NIST14,0.946012,6,16.0046,32246,Yes,Self-Loop,Self-Loop,no matches,no matches,no matches,no matches,no matches,no matches,No,No,No,No,No,No,No,No,No,No,No,Yes,No,No,Yes,No,No,No,No,No,No,No,No,No,No,No,No,No,No,No,No,No,No,No,No,No
X516.3051_2.83_9051,9051,516.3051,2.83,Spectral Match to 1-(9Z-Octadecenoyl)-sn-glycero-3-phosphocholine from NIST14,0.944278,9,28.0319,51497.3,Yes,Spectral Match to 1-Heptadecanoyl-sn-glycero-3-phosphocholine from NIST14,First,Glycerophospholipids,1-acyl-sn-glycero-3-phosphocholines,Organic compounds,Aliphatic acyclic compounds,Glycerophosphocholines,Lipids and lipid-like molecules,No,No,No,No,No,No,No,No,No,No,No,No,No,No,No,No,No,No,No,No,No,No,No,No,No,No,No,No,No,No,No,No,No,No,No,No
X518.3225_2.82_1277,1277,518.3225,2.82,Massbank:PR310841 LPC 18:3,0.73016,7,0.003479,6.712,No,Spectral Match to 1-Myristoyl-sn-glycero-3-phosphocholine from NIST14,First,Glycerophospholipids,1-acyl-sn-glycero-3-phosphocholines,Organic compounds,Aliphatic acyclic compounds,Glycerophosphocholines,Lipids and lipid-like molecules,No,No,No,No,No,No,No,No,No,No,No,No,No,No,No,No,No,No,No,No,No,No,No,No,No,No,No,No,No,No,No,No,No,No,No,No
X522.7973_2.9_9130,9130,522.7973,2.9,Spectral Match to Lyso-PC(16:0) from NIST14,0.9048,11,548.248,53306.9,Yes,Self-Loop,Self-Loop,no matches,no matches,no matches,no matches,no matches,no matches,No,No,No,No,Yes,No,No,No,No,No,No,Yes,No,No,No,No,No,Yes,No,No,No,No,Yes,No,No,No,Yes,No,No,No,Yes,Yes,Yes,No,No,No
X526.2913_2.85_4038,4038,526.2913,2.85,PE(22:6/0:0); [M+H]+ C27H45N1O7P1,0.75138,11,1.00531,1913.83,Yes,NA,None,Glycerophospholipids,"1-(1Z-alkenyl),2-acylglycerophosphoethanolamines",Organic compounds,Aliphatic acyclic compounds,Glycerophosphoethanolamines,Lipids and lipid-like molecules,No,Yes,No,No,Yes,No,No,Yes,Yes,No,No,Yes,No,No,Yes,Yes,Yes,Yes,Yes,Yes,No,No,Yes,No,No,Yes,Yes,No,No,Yes,Yes,Yes,Yes,No,Yes,Yes
X532.336_2.95_9135,9135,532.336,2.95,Spectral Match to 1-Heptadecanoyl-sn-glycero-3-phosphocholine from NIST14,0.9227,8,0.000976562,1.83448,No,Spectral Match to 1-Octadecanoyl-sn-glycero-3-phosphocholine from NIST14,First,Glycerophospholipids,1-acyl-sn-glycero-3-phosphocholines,Organic compounds,Aliphatic acyclic compounds,Glycerophosphocholines,Lipids and lipid-like molecules,No,No,No,No,Yes,No,No,No,No,No,No,No,No,No,No,No,No,No,No,No,No,No,No,No,No,No,No,No,No,No,Yes,No,No,No,No,No
X560.3668_3.04_9237,9237,560.3668,3.04,Spectral Match to 1-Hexadecanoyl-sn-glycero-3-phosphocholine from NIST14,0.93267,8,42.0458,81119.3,Yes,Spectral Match to 1-Heptadecanoyl-sn-glycero-3-phosphocholine from NIST14,First,Glycerophospholipids,1-acyl-sn-glycero-3-phosphocholines,Organic compounds,Aliphatic acyclic compounds,Glycerophosphocholines,Lipids and lipid-like molecules,No,No,No,No,No,No,No,No,No,No,No,No,No,No,No,No,No,No,No,No,No,No,Yes,No,Yes,No,No,No,No,No,No,No,No,No,No,No
X564.304_2.81_9730,9730,564.304,2.81,Spectral Match to 1-Hexadecanoyl-sn-glycero-3-phosphocholine from NIST14,0.901742,7,45.983,88715.4,Yes,Spectral Match to 1-Hexadecanoyl-sn-glycero-3-phosphocholine from NIST14,First Analog,Glycerophospholipids,1-acyl-sn-glycero-3-phosphocholines,Organic compounds,Aliphatic acyclic compounds,Glycerophosphocholines,Lipids and lipid-like molecules,No,Yes,Yes,No,Yes,No,No,Yes,Yes,Yes,No,Yes,No,No,Yes,Yes,Yes,No,Yes,Yes,No,Yes,Yes,No,Yes,Yes,Yes,No,No,Yes,Yes,Yes,No,No,Yes,Yes
X565.2176_2.24_9066,9066,565.2176,2.24,NA,NA,NA,NA,NA,No,Self-Loop,Self-Loop,no matches,no matches,no matches,no matches,no matches,no matches,No,No,No,No,No,No,No,No,No,No,No,No,No,No,No,No,No,No,No,No,No,No,No,No,No,No,No,No,No,No,No,No,No,No,No,No
X566.3202_2.87_8042,8042,566.3202,2.87,Spectral Match to Lyso-PC(16:0) from NIST14,0.867964,7,69.9912,141018,Yes,Self-Loop,Self-Loop,Glycerophospholipids,1-acyl-sn-glycero-3-phosphocholines,Organic compounds,Aliphatic acyclic compounds,Glycerophosphocholines,Lipids and lipid-like molecules,No,No,No,No,No,No,No,No,No,No,No,No,No,No,No,No,No,No,No,No,No,No,No,No,No,No,No,No,No,No,Yes,No,No,No,Yes,No
X578.4162_3.13_3096,3096,578.4162,3.13,Spectral Match to Lyso-PC(16:0) from NIST14,0.950722,7,82.0872,165389,Yes,Self-Loop,Self-Loop,Glycerophospholipids,1-acyl-sn-glycero-3-phosphocholines,Organic compounds,Aliphatic acyclic compounds,Glycerophosphocholines,Lipids and lipid-like molecules,No,No,No,No,No,No,No,No,No,No,No,No,No,No,No,No,No,No,No,No,No,No,No,No,Yes,No,No,No,No,No,No,No,No,No,No,No
X583.2526_2.67_3712,3712,583.2526,2.67,Biliverdin,0.877011,17,0.00238037,4.08118,No,Self-Loop,Self-Loop,no matches,no matches,no matches,no matches,no matches,no matches,No,No,No,No,No,No,No,No,No,No,No,No,No,No,No,No,No,No,No,No,No,No,No,No,No,No,No,No,No,No,No,No,No,No,No,No
X590.3073_2.53_9682,9682,590.3073,2.53,Spectral Match to Lyso-PC(16:0) from NIST14,0.953109,8,93.9783,189347,Yes,Self-Loop,Self-Loop,no matches,no matches,no matches,no matches,no matches,no matches,No,No,No,No,No,No,No,No,No,No,No,No,No,No,No,No,No,No,No,No,No,No,No,No,No,No,No,No,No,No,No,No,No,No,No,No
X590.3197_2.86_9649,9649,590.3197,2.86,Spectral Match to 1-Hexadecanoyl-sn-glycero-3-phosphocholine from NIST14,0.917816,8,71.9987,138908,Yes,Spectral Match to 1-Hexadecanoyl-sn-glycero-3-phosphocholine from NIST14,First Analog,Glycerophospholipids,1-acyl-sn-glycero-3-phosphocholines,Organic compounds,Aliphatic acyclic compounds,Glycerophosphocholines,Lipids and lipid-like molecules,No,Yes,No,No,Yes,No,No,Yes,Yes,No,No,Yes,No,No,Yes,Yes,Yes,Yes,Yes,Yes,No,No,Yes,No,No,Yes,Yes,No,No,Yes,Yes,Yes,Yes,No,Yes,Yes
X592.3225_2.55_8217,8217,592.3225,2.55,Spectral Match to Lyso-PC(16:0) from NIST14,0.941373,7,95.9935,193407,Yes,Self-Loop,Self-Loop,Glycerophospholipids,1-acyl-sn-glycero-3-phosphocholines,Organic compounds,Aliphatic acyclic compounds,Glycerophosphocholines,Lipids and lipid-like molecules,No,No,No,No,Yes,No,No,No,No,No,No,Yes,No,No,No,No,No,Yes,No,No,No,No,Yes,No,No,No,Yes,No,No,No,Yes,Yes,Yes,No,No,No
X595.4317_3.87_9306,9306,595.4317,3.87,NA,NA,NA,NA,NA,No,Self-Loop,Self-Loop,no matches,no matches,no matches,no matches,no matches,no matches,No,No,No,No,Yes,No,No,No,No,No,No,Yes,No,No,No,No,No,Yes,No,No,No,No,Yes,No,No,No,Yes,No,No,No,Yes,Yes,Yes,No,No,No
X596.4662_3.61_9308,9308,596.4662,3.61,NA,NA,NA,NA,NA,No,Self-Loop,Self-Loop,no matches,no matches,no matches,no matches,no matches,no matches,No,No,No,No,No,No,No,No,No,No,No,No,No,No,No,No,No,No,No,No,No,No,No,No,No,No,No,No,No,No,No,No,No,No,No,No
X605.314_4.01_10145,10145,605.314,4.01,NA,NA,NA,NA,NA,No,NA,None,no matches,no matches,no matches,no matches,no matches,no matches,Yes,No,No,No,No,No,No,No,Yes,Yes,Yes,Yes,Yes,Yes,Yes,No,No,No,No,No,No,No,No,No,No,No,No,No,No,No,No,No,No,No,No,No
X606.4474_3.26_3184,3184,606.4474,3.26,Spectral Match to 1-(9Z-Octadecenoyl)-sn-glycero-3-phosphocholine from NIST14,0.933192,6,84.0874,160976,Yes,Self-Loop,Self-Loop,no matches,no matches,no matches,no matches,no matches,no matches,No,No,Yes,No,No,No,No,No,No,Yes,No,No,No,No,No,Yes,No,No,No,No,No,Yes,Yes,Yes,Yes,Yes,No,No,No,No,No,No,No,No,No,No
X608.3184_2.4_4935,4935,608.3184,2.4,Spectral Match to 1-(9Z-Octadecenoyl)-sn-glycero-3-phosphocholine from NIST14,0.916538,7,85.9584,164558,Yes,Self-Loop,Self-Loop,Glycerophospholipids,1-acyl-sn-glycero-3-phosphocholines,Organic compounds,Aliphatic acyclic compounds,Glycerophosphocholines,Lipids and lipid-like molecules,No,No,No,No,No,No,No,No,No,No,No,No,No,No,No,No,No,No,No,No,No,No,No,No,No,No,No,No,No,No,No,No,No,No,No,No
X623.3239_4_10147,10147,623.3239,4,NA,NA,NA,NA,NA,No,NA,None,no matches,no matches,no matches,no matches,no matches,no matches,No,No,No,No,No,No,No,No,No,No,No,No,No,No,No,No,No,No,No,No,No,No,No,No,No,No,No,No,No,No,No,No,No,No,No,No
X628.4969_3.18_10122,10122,628.4969,3.18,NA,NA,NA,NA,NA,No,Spectral Match to Undecaethylene glycol from NIST14,First Analog,no matches,no matches,no matches,no matches,no matches,no matches,No,No,No,No,No,No,No,No,No,No,No,No,No,No,No,No,No,No,No,No,No,No,No,No,No,No,No,No,No,No,No,No,No,No,No,No
X657.2011_2.71_8426,8426,657.2011,2.71,NA,NA,NA,NA,NA,No,Spectral Match to Hemin cation from NIST14,First,Tetrapyrroles and derivatives,Porphyrins,Organic compounds,Aromatic heteropolycyclic compounds,Porphyrins,Organoheterocyclic compounds,Yes,No,No,No,No,No,No,Yes,No,Yes,No,No,Yes,No,No,No,No,No,No,No,No,No,No,No,No,Yes,No,No,No,Yes,No,No,Yes,No,Yes,No
X673.5249_3.3_9841,9841,673.5249,3.3,Spectral Match to 1-(9Z-Octadecenoyl)-2-tetradecanoyl-sn-glycero-3-phosphocholine from NIST14,0.941202,7,59.0281,80578.6,Yes,Self-Loop,Self-Loop,no matches,no matches,no matches,no matches,no matches,no matches,Yes,No,Yes,Yes,Yes,No,No,No,Yes,No,No,No,Yes,Yes,Yes,Yes,Yes,Yes,No,No,No,No,No,Yes,Yes,Yes,No,Yes,Yes,Yes,Yes,Yes,Yes,No,No,No
X674.4362_3.02_8567,8567,674.4362,3.02,"Spectral Match to 1,2-Di-(9Z-tetradecenoyl)-sn-glycero-3-phosphocholine from NIST14",0.920047,5,0.00579834,8.59724,No,Self-Loop,Self-Loop,Glycerophospholipids,Phosphatidylcholines,Organic compounds,Aliphatic acyclic compounds,Glycerophosphocholines,Lipids and lipid-like molecules,No,No,No,No,No,No,No,No,No,No,No,No,No,No,No,No,No,No,No,No,No,No,No,No,No,No,No,No,No,No,No,No,No,No,No,No
X677.5479_4.09_9570,9570,677.5479,4.09,"""(9S,10R,13R,14S,17R)-10,13-dimethyl-17-((R)-6-methylheptan-2-yl)-1,2,8,9,10,11,12,13,14,15,16,17-dodecahydro-3H-cyclopenta[a]phenanthren-3-one""",0.708036,8,88.1061,115073,Yes,NA,None,no matches,no matches,no matches,no matches,no matches,no matches,No,No,No,No,Yes,No,No,No,No,No,No,Yes,No,No,No,No,No,Yes,No,No,No,No,Yes,No,No,No,Yes,No,No,No,Yes,Yes,Yes,No,No,No
X681.8574_2.22_9039,9039,681.8574,2.22,NA,NA,NA,NA,NA,No,Self-Loop,Self-Loop,no matches,no matches,no matches,no matches,no matches,no matches,No,No,No,No,No,No,No,No,No,No,No,No,No,No,No,No,No,No,No,No,No,No,No,No,Yes,No,No,No,No,No,No,No,No,No,No,No
X690.3242_2.29_6174,6174,690.3242,2.29,NA,NA,NA,NA,NA,No,Self-Loop,Self-Loop,no matches,no matches,no matches,no matches,no matches,no matches,No,No,No,No,No,No,No,No,No,No,No,No,No,No,No,No,No,No,No,No,No,No,No,No,No,No,No,No,No,No,No,No,No,No,No,No
X691.3105_3.27_9326,9326,691.3105,3.27,Spectral Match to 1-Myristoyl-2-palmitoyl-sn-glycero-3-phosphocholine from NIST14,0.887064,6,15.2285,21553.7,Yes,Self-Loop,Self-Loop,no matches,no matches,no matches,no matches,no matches,no matches,No,No,No,No,No,No,No,No,No,No,No,No,No,No,No,No,No,No,No,No,No,No,No,No,No,No,No,No,No,No,No,No,No,No,No,No
X732.5512_3.71_9851,9851,732.5512,3.71,Spectral Match to 1-(9Z-Octadecenoyl)-2-tetradecanoyl-sn-glycero-3-phosphocholine from NIST14,0.955708,7,0.00177002,2.41623,No,Spectral Match to 1-Hexadecyl-2-(9Z-octadecenoyl)-sn-glycero-3-phosphocholine from NIST14,First,no matches,no matches,no matches,no matches,no matches,no matches,No,Yes,Yes,Yes,Yes,Yes,Yes,Yes,Yes,Yes,Yes,Yes,Yes,Yes,Yes,Yes,No,Yes,Yes,Yes,Yes,No,Yes,Yes,Yes,No,Yes,Yes,Yes,Yes,No,No,Yes,No,Yes,Yes
X733.5345_3.72_9514,9514,733.5345,3.72,Spectral Match to 1-(9Z-Octadecenoyl)-2-tetradecanoyl-sn-glycero-3-phosphocholine from NIST14,0.814592,6,0.981506,1339.84,Yes,Spectral Match to 1-Hexadecyl-2-(9Z-octadecenoyl)-sn-glycero-3-phosphocholine from NIST14,First Analog,no matches,no matches,no matches,no matches,no matches,no matches,No,No,No,No,No,No,No,No,No,No,No,No,No,No,No,No,No,No,No,No,No,No,No,No,No,No,No,No,No,No,No,No,No,No,No,No
X735.5507_3.77_9518,9518,735.5507,3.77,Spectral Match to 1-Hexadecyl-2-(9Z-octadecenoyl)-sn-glycero-3-phosphocholine from NIST14,0.729001,8,11.0182,14758.5,Yes,Spectral Match to 1-(9Z-Octadecenoyl)-2-tetradecanoyl-sn-glycero-3-phosphocholine from NIST14,First Analog,no matches,no matches,no matches,no matches,no matches,no matches,No,No,No,No,No,No,No,No,No,No,No,No,No,No,No,No,No,No,No,No,No,No,No,No,No,No,No,No,No,No,No,No,No,No,No,No
X754.5949_3.96_9302,9302,754.5949,3.96,NA,NA,NA,NA,NA,No,NA,None,no matches,no matches,no matches,no matches,no matches,no matches,No,No,No,No,No,No,No,No,No,No,No,No,No,No,No,No,No,No,No,No,No,No,No,No,No,No,No,No,No,No,No,No,No,No,No,No
X755.5168_3.88_9596,9596,755.5168,3.88,NA,NA,NA,NA,NA,No,Self-Loop,Self-Loop,no matches,no matches,no matches,no matches,no matches,no matches,No,No,No,No,No,No,No,No,No,No,No,No,No,No,No,No,No,No,No,No,No,No,No,No,No,No,No,No,No,No,No,No,No,No,No,No
X764.6159_4.78_9837,9837,764.6159,4.78,NA,NA,NA,NA,NA,No,Self-Loop,Self-Loop,no matches,no matches,no matches,no matches,no matches,no matches,No,No,No,No,No,No,No,Yes,No,No,No,No,No,No,Yes,No,No,No,No,No,Yes,No,No,No,No,Yes,No,No,No,Yes,No,No,Yes,No,Yes,Yes
X764.6162_4.36_9228,9228,764.6162,4.36,NA,NA,NA,NA,NA,No,NA,None,no matches,no matches,no matches,no matches,no matches,no matches,No,No,No,No,Yes,No,No,No,No,No,No,Yes,No,No,No,No,No,Yes,No,No,No,No,Yes,No,No,No,Yes,No,No,No,Yes,Yes,Yes,No,No,No
X766.6305_4.8_9226,9226,766.6305,4.8,NA,NA,NA,NA,NA,No,Self-Loop,Self-Loop,no matches,no matches,no matches,no matches,no matches,no matches,No,Yes,No,No,No,No,No,No,Yes,No,No,No,No,No,No,Yes,Yes,Yes,Yes,Yes,Yes,No,No,No,No,No,No,No,No,No,No,No,No,No,No,No
X773.5277_3.87_9322,9322,773.5277,3.87,Spectral Match to 1-Hexadecanoyl-2-(9Z-octadecenoyl)-sn-glycero-3-phosphocholine from NIST14,0.786485,6,9.04028,11552.1,Yes,Spectral Match to Arachidonoylthio-PC from NIST14,First Analog,no matches,no matches,no matches,no matches,no matches,no matches,No,No,No,No,Yes,No,No,No,No,No,No,Yes,No,No,No,No,No,Yes,No,No,No,No,Yes,No,No,No,Yes,No,No,No,Yes,Yes,Yes,No,No,No
X775.5437_4.06_9547,9547,775.5437,4.06,Spectral Match to 1-Oleoyl-2-palmitoyl-sn-glycero-3-phosphocholine from NIST14,0.834819,8,14.9617,19671.4,Yes,Spectral Match to N-Tetracosanoyl-4-sphingenyl-1-O-phosphorylcholine from NIST14,First Analog,no matches,no matches,no matches,no matches,no matches,no matches,No,No,No,No,No,No,No,No,No,No,No,No,No,No,No,No,No,No,No,No,No,No,No,No,No,No,No,No,No,No,No,No,No,No,No,No
X775.5446_4.15_9732,9732,775.5446,4.15,Spectral Match to Arachidonoylthio-PC from NIST14,0.771968,8,9.03937,11521.2,Yes,Spectral Match to 1-Hexadecanoyl-2-(9Z-octadecenoyl)-sn-glycero-3-phosphocholine from NIST14,First Analog,no matches,no matches,no matches,no matches,no matches,no matches,No,No,No,No,No,No,No,No,No,No,No,No,No,No,No,No,No,No,No,No,No,No,No,No,No,No,No,No,No,No,No,No,No,No,No,No
X778.5329_3.62_8278,8278,778.5329,3.62,"Spectral Match to 1,2-Dihexadecanoyl-sn-glycero-3-phosphocholine from NIST14",0.766006,8,21.9799,29052.7,Yes,Self-Loop,Self-Loop,no matches,no matches,no matches,no matches,no matches,no matches,No,No,No,No,Yes,Yes,No,Yes,No,No,No,Yes,Yes,Yes,Yes,No,No,Yes,Yes,No,Yes,No,Yes,Yes,No,Yes,Yes,Yes,No,Yes,No,Yes,No,Yes,No,Yes
X791.5375_3.86_9445,9445,791.5375,3.86,Spectral Match to N-Tetracosanoyl-4-sphingenyl-1-O-phosphorylcholine from NIST14,0.81472,8,24.1625,29621.8,Yes,Spectral Match to N-Tetracosanoyl-4-sphingenyl-1-O-phosphorylcholine from NIST14,First Analog,no matches,no matches,no matches,no matches,no matches,no matches,No,No,No,No,No,No,No,No,No,No,No,No,No,No,No,No,No,No,No,No,No,No,No,No,No,No,No,No,No,No,No,No,No,No,No,No
X791.5394_4.11_9746,9746,791.5394,4.11,NA,NA,NA,NA,NA,No,Spectral Match to 1-Myristoyl-2-stearoyl-sn-glycero-3-phosphocholine from NIST14,Second Analog,no matches,no matches,no matches,no matches,no matches,no matches,No,Yes,No,No,No,No,No,No,Yes,No,No,No,No,No,No,Yes,Yes,Yes,No,Yes,Yes,No,No,No,No,No,No,No,No,No,No,No,No,No,No,No
X796.6071_3.77_9340,9340,796.6071,3.77,NA,NA,NA,NA,NA,No,Spectral Match to 1-Hexadecyl-2-(9Z-octadecenoyl)-sn-glycero-3-phosphocholine from NIST14,First Analog,no matches,no matches,no matches,no matches,no matches,no matches,No,No,No,No,No,No,No,No,No,No,No,No,No,No,No,No,No,No,Yes,No,No,No,No,No,No,No,No,No,No,No,No,No,No,No,No,No
X796.6097_4_9311,9311,796.6097,4,Spectral Match to 1-Octadecanoyl-2-octadecenoyl-sn-glycero-3-phosphocholine from NIST14,0.781409,7,13.9813,17248.3,Yes,Spectral Match to 1-(9Z-Octadecenoyl)-2-tetradecanoyl-sn-glycero-3-phosphocholine from NIST14,First Analog,no matches,no matches,no matches,no matches,no matches,no matches,No,No,No,No,No,No,No,No,No,No,No,No,No,No,No,No,No,No,No,No,No,No,No,No,No,No,No,No,No,No,No,No,No,No,No,No
X806.5504_3.26_8078,8078,806.5504,3.26,Spectral Match to 1-Palmitoyl-2-docosahexaenoyl-sn-glycero-3-phosphocholine from NIST14,0.854358,11,0.000427246,0.529721,No,Self-Loop,Self-Loop,Glycerophospholipids,Phosphatidylcholines,Organic compounds,Aliphatic acyclic compounds,Glycerophosphocholines,Lipids and lipid-like molecules,No,No,No,No,Yes,No,No,Yes,No,No,No,Yes,No,No,Yes,No,No,Yes,No,No,Yes,No,Yes,No,No,Yes,Yes,No,No,Yes,Yes,Yes,Yes,No,Yes,Yes
X823.101_2.65_9698,9698,823.101,2.65,NA,NA,NA,NA,NA,No,Self-Loop,Self-Loop,no matches,no matches,no matches,no matches,no matches,no matches,No,No,No,No,No,No,No,No,No,No,No,No,No,No,No,No,No,No,No,No,No,No,No,No,No,No,No,No,No,No,No,No,No,No,No,No
X824.5746_3.77_9493,9493,824.5746,3.77,Spectral Match to 1-Octadecanoyl-2-octadecenoyl-sn-glycero-3-phosphocholine from NIST14,0.833188,8,13.9836,17251.1,Yes,Self-Loop,Self-Loop,no matches,no matches,no matches,no matches,no matches,no matches,No,No,No,No,No,No,No,No,No,No,No,No,No,No,No,No,No,No,No,No,No,No,No,No,No,No,No,No,No,No,No,No,No,No,No,No
X826.5924_3.71_10540,10540,826.5924,3.71,Spectral Match to 1-Myristoyl-2-stearoyl-sn-glycero-3-phosphocholine from NIST14,0.934421,8,92.0224,125274,Yes,Self-Loop,Self-Loop,no matches,no matches,no matches,no matches,no matches,no matches,No,No,No,No,No,No,No,No,No,No,No,No,No,No,No,No,No,No,No,No,No,No,No,No,No,No,No,No,No,No,No,No,No,No,No,No
X828.5335_3.51_9899,9899,828.5335,3.51,Spectral Match to 1-Octadecanoyl-2-octadecenoyl-sn-glycero-3-phosphocholine from NIST14,0.842319,10,17.9425,22135.1,Yes,Self-Loop,Self-Loop,no matches,no matches,no matches,no matches,no matches,no matches,No,No,No,No,No,No,No,No,No,No,No,No,No,No,No,No,No,No,No,No,No,No,No,No,No,No,No,No,No,No,No,No,No,No,No,No
X843.3611_2.7_8430,8430,843.3611,2.7,NA,NA,NA,NA,NA,No,Spectral Match to Hemin cation from NIST14,Second,Tetrapyrroles and derivatives,Porphyrins,Organic compounds,Aromatic heteropolycyclic compounds,Porphyrins,Organoheterocyclic compounds,No,No,No,No,No,No,No,No,No,No,No,No,No,No,No,No,No,No,No,No,No,No,No,No,No,No,No,No,No,No,No,No,No,No,No,No
X846.545_3.16_9364,9364,846.545,3.16,Spectral Match to 1-Oleoyl-2-palmitoyl-sn-glycero-3-phosphocholine from NIST14,0.946846,10,85.963,113023,Yes,Spectral Match to 1-Oleoyl-2-palmitoyl-sn-glycero-3-phosphocholine from NIST14,First Analog,no matches,no matches,no matches,no matches,no matches,no matches,No,No,No,No,No,No,No,No,No,No,No,No,No,No,No,No,No,No,No,No,No,No,No,No,No,No,No,No,No,No,No,No,No,No,No,No
X848.5743_3.6_10208,10208,848.5743,3.6,Spectral Match to 1-Hexadecanoyl-2-(9Z-octadecenoyl)-sn-glycero-3-phosphocholine from NIST14,0.890479,10,66.0063,84345.8,Yes,Self-Loop,Self-Loop,no matches,no matches,no matches,no matches,no matches,no matches,No,No,No,No,No,No,No,Yes,No,No,No,No,No,No,Yes,No,No,No,No,No,Yes,No,No,No,No,Yes,No,No,No,Yes,No,No,Yes,No,Yes,Yes
X864.5688_3.55_9342,9342,864.5688,3.55,Spectral Match to 1-Octadecanoyl-2-octadecenoyl-sn-glycero-3-phosphocholine from NIST14,0.738084,7,53.9778,66590.6,Yes,Self-Loop,Self-Loop,no matches,no matches,no matches,no matches,no matches,no matches,No,Yes,No,No,No,No,No,Yes,Yes,No,No,No,No,No,Yes,Yes,Yes,Yes,Yes,Yes,Yes,No,No,No,No,Yes,No,No,No,Yes,No,No,Yes,No,Yes,Yes
X896.5585_3.42_10454,10454,896.5585,3.42,NA,NA,NA,NA,NA,No,Self-Loop,Self-Loop,no matches,no matches,no matches,no matches,no matches,no matches,No,No,No,No,No,No,No,No,No,No,No,No,No,No,No,No,No,No,No,No,No,No,No,No,No,No,No,No,No,No,No,No,No,No,No,No
